Filename,Category
Test929.jpg,Random
Test835.jpg,Positive
Test2977.jpg,Random
Test1012.jpg,Positive
Test3798.jpg,Random
Test861.jpg,Negative
Test579.jpg,Positive
Test3294.jpg,Random
Test100.jpg,Random
Test396.jpg,Random
Test890.jpg,Random
Test1776.jpg,Negative
Test243.jpg,Random
Test113.jpg,Random
Test3893.jpg,Negative
Test239.jpg,Negative
Test668.jpg,Positive
Test3360.jpg,Positive
Test2616.jpg,Positive
Test192.jpg,Random
Test1884.jpg,Negative
Test1271.jpg,Random
Test131.jpg,Random
Test213.jpg,Random
Test244.jpg,Random
Test612.jpg,Random
Test3512.jpg,Random
Test237.jpg,Random
Test134.jpg,Random
Test2648.jpg,Random
Test2068.jpg,Random
Test126.jpg,Random
Test233.jpg,Random
Test135.jpg,Random
Test3525.jpg,Positive
Test105.jpg,Random
Test108.jpg,Positive
Test1229.jpg,Positive
Test191.jpg,Positive
Test2114.jpg,Random
Test1803.jpg,Random
Test1837.jpg,Positive
Test536.jpg,Random
Test176.jpg,Random
Test2434.jpg,Positive
Test581.jpg,Random
Test482.jpg,Positive
Test2962.jpg,Positive
Test833.jpg,Negative
Test526.jpg,Random
Test1359.jpg,Random
Test3177.jpg,Random
Test945.jpg,Negative
Test228.jpg,Random
Test209.jpg,Random
Test587.jpg,Random
Test1615.jpg,Random
Test1902.jpg,Positive
Test2007.jpg,Positive
Test1290.jpg,Negative
Test665.jpg,Negative
Test230.jpg,Random
Test449.jpg,Negative
Test151.jpg,Random
Test1071.jpg,Positive
Test133.jpg,Random
Test143.jpg,Random
Test3985.jpg,Random
Test397.jpg,Negative
Test136.jpg,Random
Test232.jpg,Random
Test843.jpg,Random
Test3130.jpg,Positive
Test3246.jpg,Positive
Test884.jpg,Random
Test1885.jpg,Random
Test1279.jpg,Random
Test2371.jpg,Positive
Test152.jpg,Random
Test489.jpg,Random
Test440.jpg,Random
Test2424.jpg,Random
Test1889.jpg,Random
Test519.jpg,Random
Test789.jpg,Positive
Test227.jpg,Random
Test606.jpg,Random
Test250.jpg,Positive
Test533.jpg,Negative
Test760.jpg,Random
Test107.jpg,Positive
Test811.jpg,Random
Test1872.jpg,Positive
Test145.jpg,Random
Test2455.jpg,Random
Test3277.jpg,Random
Test3975.jpg,Random
Test198.jpg,Negative
Test378.jpg,Random
Test715.jpg,Positive
Test803.jpg,Random
Test993.jpg,Negative
Test1620.jpg,Positive
Test1634.jpg,Random
Test522.jpg,Random
Test117.jpg,Random
Test1122.jpg,Positive
Test168.jpg,Random
Test216.jpg,Random
Test161.jpg,Random
Test160.jpg,Random
Test353.jpg,Random
Test122.jpg,Random
Test132.jpg,Random
Test912.jpg,Random
Test119.jpg,Negative
Test204.jpg,Random
Test2959.jpg,Positive
Test1161.jpg,Positive
Test979.jpg,Random
Test125.jpg,Random
Test3118.jpg,Positive
Test3864.jpg,Random
Test1199.jpg,Positive
Test234.jpg,Random
Test173.jpg,Random
Test859.jpg,Negative
Test129.jpg,Random
Test779.jpg,Positive
Test1724.jpg,Random
Test180.jpg,Random
Test624.jpg,Random
Test1717.jpg,Random
Test374.jpg,Random
Test140.jpg,Random
Test516.jpg,Random
Test240.jpg,Random
Test2209.jpg,Random
Test837.jpg,Negative
Test2590.jpg,Random
Test527.jpg,Positive
Test360.jpg,Positive
Test903.jpg,Positive
Test114.jpg,Random
Test188.jpg,Random
Test194.jpg,Random
Test103.jpg,Random
Test165.jpg,Random
Test1240.jpg,Positive
Test2280.jpg,Random
Test644.jpg,Positive
Test158.jpg,Random
Test1022.jpg,Positive
Test661.jpg,Negative
Test166.jpg,Random
Test2650.jpg,Random
Test2049.jpg,Random
Test206.jpg,Positive
Test183.jpg,Random
Test778.jpg,Random
Test957.jpg,Random
Test2411.jpg,Positive
Test751.jpg,Random
Test1923.jpg,Negative
Test422.jpg,Positive
Test221.jpg,Random
Test1788.jpg,Random
Test2235.jpg,Random
Test834.jpg,Negative
Test677.jpg,Random
Test417.jpg,Negative
Test3024.jpg,Positive
Test2791.jpg,Positive
Test1818.jpg,Positive
Test660.jpg,Positive
Test946.jpg,Positive
Test3789.jpg,Random
Test149.jpg,Random
Test1934.jpg,Random
Test3265.jpg,Positive
Test523.jpg,Random
Test179.jpg,Negative
Test2309.jpg,Positive
Test3863.jpg,Random
Test545.jpg,Positive
Test1785.jpg,Positive
Test1992.jpg,Random
Test937.jpg,Positive
Test1767.jpg,Random
Test162.jpg,Random
Test225.jpg,Random
Test211.jpg,Random
Test109.jpg,Random
Test3750.jpg,Negative
Test201.jpg,Random
Test1743.jpg,Random
Test2870.jpg,Random
Test824.jpg,Random
Test1856.jpg,Positive
Test3625.jpg,Random
Test181.jpg,Random
Test1644.jpg,Positive
Test128.jpg,Negative
Test144.jpg,Random
Test3030.jpg,Negative
Test3706.jpg,Positive
Test3827.jpg,Negative
Test1353.jpg,Random
Test231.jpg,Random
Test757.jpg,Random
Test1001.jpg,Positive
Test3749.jpg,Random
Test761.jpg,Random
Test3934.jpg,Random
Test172.jpg,Random
Test1954.jpg,Random
Test245.jpg,Positive
Test942.jpg,Positive
Test242.jpg,Negative
Test2743.jpg,Random
Test400.jpg,Positive
Test141.jpg,Random
Test614.jpg,Negative
Test187.jpg,Random
Test372.jpg,Positive
Test2792.jpg,Positive
Test236.jpg,Random
Test812.jpg,Positive
Test3566.jpg,Random
Test218.jpg,Random
Test154.jpg,Positive
Test490.jpg,Random
Test212.jpg,Random
Test164.jpg,Random
Test3159.jpg,Random
Test941.jpg,Negative
Test238.jpg,Random
Test498.jpg,Positive
Test249.jpg,Random
